sample,barcode,identity
sample1,AAACCTGAGAGGACGG,IC
sample1,AAACCTGGTCAAGCGA,SHm
sample1,AAACCTGTCCGCAGTG,TFa
sample1,AAAGATGGTATCACCA,SW
sample1,AAAGCAAGTAATCACC,FSCP
sample1,AAAGCAATCCTTGGTC,IC
sample1,AAAGTAGCAAGCGCTC,SW
sample1,AAAGTAGCAGACGCAA,TFp
sample1,AAAGTAGTCCAAAGTC,SHa
sample1,AAATGCCAGTGTGAAT,SW
sample1,AAATGCCGTAGCCTAT,FSCP
sample1,AAATGCCGTAGTAGTA,SW
sample1,AACACGTAGTGGGCTA,IC
sample1,AACACGTGTAATCACC,IC
sample1,AACACGTGTCGGATCC,IC
sample1,AACCGCGCATGTAGTC,FSCP
sample1,AACCGCGTCACTGGGC,SHm
sample1,AACGTTGCAAGTTAAG,SW
sample1,AACGTTGGTGCCTGCA,SW
sample1,AACGTTGTCTCCAACC,TFa
sample1,AACTCCCAGTGCCAGA,TFa
sample1,AACTCCCGTAAACACA,IC
sample1,AACTCTTCAAAGCGGT,SHm
sample1,AACTGGTAGGACGAAA,FSCP
sample1,AACTGGTCAAGCTGGA,SHa
sample1,AACTTTCGTAGCCTCG,IC
sample1,AAGACCTTCTCTGCTG,TFa
sample1,AAGCCGCAGGGTCGAT,SW
sample1,AAGCCGCGTCATGCCG,FSCP
sample1,AAGGAGCCAATCCAAC,SW
sample1,AAGGAGCGTAGCGTGA,CC
sample1,AAGGAGCGTTTAGCTG,SW
sample1,AAGGTTCCAAAGCAAT,SW
sample1,AAGGTTCCAAAGGAAG,SHm
sample1,AAGTCTGTCCCTGACT,TFp
sample1,AATCCAGGTTATTCTC,TFa
sample1,AATCCAGTCGGAGGTA,SW
sample1,ACACCAAAGCTTCGCG,TFp
sample1,ACACCAACAAAGGCGT,FSCP
sample1,ACACCAACAGGCTCAC,SHa
sample1,ACACCAAGTAATCGTC,SHm
sample1,ACACCAATCACCGGGT,TFp
sample1,ACACCAATCCGCGCAA,FSCP
sample1,ACACCGGAGATGTAAC,SW
sample1,ACACCGGCAAGCTGTT,SW
sample1,ACACTGAGTCAAACTC,SHm
sample1,ACACTGAGTCTTGCGG,SHa
sample1,ACAGCCGAGCCACGCT,IC
sample1,ACAGCCGGTGGCAAAC,CC
sample1,ACATACGTCAACGGCC,SHa
sample1,ACATCAGTCATCGGAT,SHm
sample1,ACCAGTAAGGCGTACA,SW
sample1,ACCGTAAAGCACAGGT,FSCP
sample1,ACCGTAATCGTCCGTT,SHa
sample1,ACCGTAATCTTACCTA,SW
sample1,ACCTTTAAGAGGGCTT,GC
sample1,ACCTTTAAGGACAGCT,SW
sample1,ACCTTTACACATTAGC,IC
sample1,ACCTTTATCACCGGGT,SHa
sample1,ACGAGCCCATATACCG,IC
sample1,ACGAGCCGTAGCAAAT,IC
sample1,ACGAGCCGTCGTCTTC,CC
sample1,ACGATACGTCTGCAAT,SW
sample1,ACGCAGCGTCGACTAT,TFp
sample1,ACGCAGCTCATTGCGA,FSCP
sample1,ACGCCAGCATGCCCGA,SHa
sample1,ACGCCGAAGACACGAC,TFa
sample1,ACGGAGAGTAGAGGAA,IC
sample1,ACGGCCACAGCGTTCG,FSCP
sample1,ACGGGCTAGTGTGGCA,IC
sample1,ACTATCTAGTTGTCGT,SHa
sample1,ACTATCTGTATCGCAT,IC
sample1,ACTATCTGTGACGGTA,FSCP
sample1,ACTGATGTCTATCCCG,SW
sample1,ACTGCTCAGAGGTACC,SW
sample1,ACTGCTCAGTCTCCTC,IC
sample1,ACTGTCCTCAAACAAG,SHa
sample1,ACTTACTTCCTTGCCA,SHa
sample1,ACTTGTTTCCTGCCAT,SHm
sample1,ACTTTCACAAAGCAAT,SW
sample1,AGAATAGCAAGAGGCT,CC
sample1,AGAATAGGTTATCGGT,IC
sample1,AGACGTTCAAGCGAGT,SHa
sample1,AGACGTTGTATTAGCC,IC
sample1,AGAGCGAGTTCCACGG,FSCP
sample1,AGAGCTTTCTAACTCT,SW
sample1,AGAGTGGCAGCATGAG,SHm
sample1,AGAGTGGTCGGCGCAT,SW
sample1,AGATCTGCAGGACCCT,FSCP
sample1,AGATCTGGTCATGCCG,TFa
sample1,AGATCTGGTCCAGTGC,CC
sample1,AGATTGCCAGCTGCAC,SHa
sample1,AGATTGCTCCAAGTAC,IC
sample1,AGCAGCCAGATAGCAT,SW
sample1,AGCAGCCAGGTGACCA,CC
sample1,AGCATACCAACTGCGC,SHm
sample1,AGCATACGTGATAAGT,TFa
sample1,AGCGGTCAGACCCACC,CC
sample1,AGCGGTCAGCTGCGAA,SW
sample1,AGCGGTCAGGGCTTCC,FSCP
sample1,AGCGGTCAGTCAATAG,IC
sample1,AGCGGTCCATTCCTGC,SHa
sample1,AGCGGTCGTAAAGTCA,CC
sample1,AGCGGTCGTACAGCAG,CC
sample1,AGCGTATAGACCCACC,SW
sample1,AGCGTCGCATCTGGTA,IC
sample1,AGCGTCGTCTTAGCCC,FSCP
sample1,AGCTCTCAGACTAAGT,TFp
sample1,AGCTTGAAGAGTGACC,SW
sample1,AGCTTGAAGCCGGTAA,FSCP
sample1,AGCTTGAGTACAGACG,SHa
sample1,AGGCCACCACCGCTAG,FSCP
sample1,AGGCCACCAGGGCATA,SW
sample1,AGGCCACGTTAGAACA,SW
sample1,AGGCCACTCGCCAGCA,IC
sample1,AGGGATGGTTCGCGAC,FSCP
sample1,AGGGATGGTTTGGCGC,SW
sample1,AGGTCCGAGAAGAAGC,SW
sample1,AGGTCCGCACATGACT,SHm
sample1,AGGTCCGCATATGGTC,SW
sample1,AGTGAGGTCACATGCA,SW
sample1,AGTTGGTCAGTAAGAT,SW
sample1,ATAACGCCAGCTGCAC,TFa
sample1,ATAAGAGGTTTCGCTC,SW
sample1,ATAGACCAGGGCTTCC,IC
sample1,ATAGACCGTCATGCAT,FSCP
sample1,ATAGACCGTCTACCTC,IC
sample1,ATCACGATCTCTGCTG,IC
sample1,ATCATGGCACTGTCGG,TFa
sample1,ATCATGGGTTGTGGAG,TFa
sample1,ATCATGGTCTACTATC,FSCP
sample1,ATCCACCTCCCTAATT,SHa
sample1,ATCCGAACACTTCTGC,SW
sample1,ATCCGAACAGCGAACA,TFp
sample1,ATCGAGTTCGCGTAGC,SHa
sample1,ATCTACTCAAGACGTG,FSCP
sample1,ATCTACTCAGTGACAG,SW
sample1,ATCTGCCGTGAAAGAG,FSCP
sample1,ATGAGGGCAGGGTACA,SHm
sample1,ATGAGGGCATAACCTG,FSCP
sample1,ATGGGAGAGCACGCCT,CC
sample1,ATTCTACGTCTGCAAT,SW
sample1,ATTCTACGTTGCGCAC,SHm
sample1,ATTGGACAGTGCCATT,IC
sample1,ATTGGTGCACTTCGAA,IC
sample1,ATTGGTGCAGACTCGC,SHm
sample1,ATTGGTGGTCCGAAGA,SW
sample1,ATTTCTGTCATCTGCC,SHm
sample1,CAACCAAAGGAGTCTG,IC
sample1,CAACCTCCACAGACTT,FSCP
sample1,CAACTAGGTTGAGGTG,IC
sample1,CAAGATCCATTGTGCA,SHm
sample1,CAAGATCGTGGTTTCA,SW
sample1,CAAGTTGTCAATCACG,IC
sample1,CACACAACAGCTATTG,TFp
sample1,CACACCTAGCTTATCG,TFa
sample1,CACACCTCACTTACGA,FSCP
sample1,CACACTCAGAATGTGT,SHm
sample1,CACAGGCAGTGTACCT,SW
sample1,CACAGGCGTCTCTCGT,FSCP
sample1,CACAGGCGTGTGCCTG,IC
sample1,CACAGGCTCGACGGAA,IC
sample1,CACAGTATCGCAAACT,SW
sample1,CACATAGAGGTGTTAA,SW
sample1,CACATAGTCAGGCGAA,SHa
sample1,CACCACTAGTATGACA,FSCP
sample1,CACCACTGTGAGGGTT,SW
sample1,CACCAGGGTATAGGGC,TFp
sample1,CACCTTGCACTTCTGC,SW
sample1,CACTCCATCGTCGTTC,FSCP
sample1,CAGAATCCACATTTCT,SHa
sample1,CAGAATCTCACGAAGG,SW
sample1,CAGAATCTCTTTACGT,SHm
sample1,CAGAGAGAGTTGTCGT,SW
sample1,CAGCCGAAGGTTACCT,SHa
sample1,CAGCCGAGTCAGCTAT,TFp
sample1,CAGCGACGTCCGCTGA,SW
sample1,CAGCTAAGTGTGGCTC,SW
sample1,CAGCTGGGTGGCTCCA,SW
sample1,CAGGTGCGTTCAACCA,SHa
sample1,CAGGTGCTCAGTACGT,FSCP
sample1,CAGTAACGTGTGCCTG,SHa
sample1,CATATGGAGCCAGTAG,FSCP
sample1,CATATTCAGCTAGTTC,CC
sample1,CATATTCAGTGCAAGC,SW
sample1,CATATTCGTGAAAGAG,SHa
sample1,CATATTCGTTCACCTC,IC
sample1,CATATTCTCCTACAGA,SHa
sample1,CATCAAGAGGCATGTG,CC
sample1,CATCAAGGTCTAAAGA,SW
sample1,CATCAAGTCTCACATT,SW
sample1,CATCCACAGCCTATGT,IC
sample1,CATCGGGAGGTAGCTG,TFa
sample1,CATGCCTAGTGGAGAA,SHa
sample1,CATGCCTCAGCTCCGA,SW
sample1,CATGCCTCATGTCTCC,FSCP
sample1,CATGGCGTCAACACAC,FSCP
sample1,CATGGCGTCCTGCCAT,SW
sample1,CATTATCAGTTACCCA,SHm
sample1,CATTATCTCTCCTATA,IC
sample1,CATTCGCAGCGATAGC,CC
sample1,CCAATCCTCAGCTCGG,CC
sample1,CCACCTACACTAAGTC,CC
sample1,CCACCTACAGTATCTG,IC
sample1,CCACGGAGTACATCCA,SW
sample1,CCACTACGTGGCCCTA,SHa
sample1,CCATTCGTCTCGCTTG,CC
sample1,CCCAGTTAGCTGATAA,FSCP
sample1,CCCAGTTGTACCGAGA,SHm
sample1,CCCATACAGGAATTAC,SW
sample1,CCCTCCTTCAGCGATT,SW
sample1,CCGGTAGCAGGGAGAG,SHa
sample1,CCGTACTAGTGTTAGA,SHm
sample1,CCGTACTGTTCTGAAC,IC
sample1,CCGTACTTCGGCGGTT,SW
sample1,CCGTTCAAGCTAGTCT,IC
sample1,CCGTTCAAGGAGCGTT,SHm
sample1,CCGTTCACAAGGCTCC,FSCP
sample1,CCGTTCAGTGTCTGAT,SW
sample1,CCTAAAGAGCGCCTTG,SHa
sample1,CCTAAAGAGTGGTAAT,TFa
sample1,CCTAAAGTCACAACGT,SHm
sample1,CCTAAAGTCCTTGACC,SW
sample1,CCTACCATCCGCAAGC,SHa
sample1,CCTAGCTGTAAGGGCT,FSCP
sample1,CCTCAGTGTAGCGTCC,FSCP
sample1,CCTCAGTGTATCGCAT,CC
sample1,CCTCAGTGTCTGCAAT,FSCP
sample1,CCTCAGTTCCACTGGG,SW
sample1,CCTCTGAAGGGTATCG,SW
sample1,CCTCTGAAGTGTACCT,FSCP
sample1,CCTTACGAGTTCGCAT,CC
sample1,CCTTACGCAAGCGTAG,SHa
sample1,CCTTCCCAGGCGACAT,CC
sample1,CCTTTCTAGATGTTAG,IC
sample1,CCTTTCTAGGAGTAGA,IC
sample1,CGAACATCATTCTTAC,IC
sample1,CGAACATGTAGCGTCC,IC
sample1,CGAATGTAGACTTTCG,FSCP
sample1,CGAATGTCACTTAACG,SW
sample1,CGAATGTTCCTATTCA,FSCP
sample1,CGACCTTCAGTGGGAT,SHm
sample1,CGAGAAGAGTGGTAGC,TFp
sample1,CGAGAAGCAGCTGCTG,IC
sample1,CGAGCCATCTTTCCTC,SHa
sample1,CGATCGGAGAGTACCG,CC
sample1,CGATGGCAGCGTCTAT,SHa
sample1,CGATTGATCTGGTTCC,FSCP
sample1,CGCCAAGAGTCGATAA,SW
sample1,CGCCAAGGTACACCGC,CC
sample1,CGCCAAGTCACCTCGT,SHa
sample1,CGCGGTAGTATAGGTA,TFp
sample1,CGCGTTTGTCCAACTA,FSCP
sample1,CGCGTTTTCAGTTGAC,FSCP
sample1,CGCTATCAGCATGGCA,TFp
sample1,CGCTATCCAGACGTAG,SHm
sample1,CGCTTCATCGGCGCAT,FSCP
sample1,CGGACACCAACTGGCC,SHm
sample1,CGGACACTCTGTCAAG,SW
sample1,CGGACGTCATGCAACT,TFa
sample1,CGGACGTGTATAGTAG,IC
sample1,CGGACGTTCACTTATC,TFa
sample1,CGGAGCTTCGGTGTTA,CC
sample1,CGGAGTCAGCCGCCTA,TFp
sample1,CGGAGTCCATGGGACA,FSCP
sample1,CGGCTAGTCCAGTAGT,SW
sample1,CGGGTCATCATCTGTT,IC
sample1,CGGGTCATCGCATGGC,SW
sample1,CGTAGCGCAGTCAGCC,IC
sample1,CGTAGCGGTAAAGTCA,SW
sample1,CGTAGCGGTTCCGGCA,SHm
sample1,CGTAGGCCAAGCGTAG,SHa
sample1,CGTAGGCGTCCGACGT,IC
sample1,CGTCACTGTCACCTAA,SHa
sample1,CGTCACTGTTGCTCCT,FSCP
sample1,CGTCAGGGTGCTAGCC,FSCP
sample1,CGTCAGGGTTACGGAG,CC
sample1,CGTCTACCAATGACCT,IC
sample1,CGTCTACTCAACGGCC,IC
sample1,CGTCTACTCTGATACG,IC
sample1,CGTGAGCTCTACTTAC,SW
sample1,CGTGTCTGTTGCTCCT,IC
sample1,CGTGTCTTCACTTACT,SW
sample1,CGTTAGAAGGAATTAC,SW
sample1,CGTTAGACATGTTCCC,IC
sample1,CGTTCTGAGTGAATTG,TFp
sample1,CGTTCTGCAGTTCATG,CC
sample1,CGTTCTGTCAGAGACG,SW
sample1,CGTTGGGGTCGCCATG,FSCP
sample1,CTAAGACCAATACGCT,IC
sample1,CTAAGACGTTCACGGC,IC
sample1,CTAATGGCATTATCTC,SW
sample1,CTAATGGTCCGCGCAA,SW
sample1,CTACACCTCTAGCACA,SHm
sample1,CTACATTCACAGACAG,FSCP
sample1,CTACATTTCCGGCACA,SW
sample1,CTACCCATCTGCAAGT,SHa
sample1,CTACGTCTCCAGAAGG,SHm
sample1,CTAGAGTCATTCACTT,SHa
sample1,CTAGAGTCATTTCAGG,FSCP
sample1,CTAGAGTTCGCCTGAG,CC
sample1,CTAGTGAAGCGATAGC,SW
sample1,CTAGTGAAGCGTGAAC,TFp
sample1,CTCACACCAAGTAATG,FSCP
sample1,CTCAGAAAGCAGGCTA,SHa
sample1,CTCAGAAAGTGAAGTT,FSCP
sample1,CTCCTAGAGGGTATCG,SHa
sample1,CTCGAAACACTAGTAC,FSCP
sample1,CTCGAGGAGAAACGAG,FSCP
sample1,CTCGAGGCACTGCCAG,TFa
sample1,CTCGAGGGTAAATGTG,SW
sample1,CTCGGGAAGTTCCACA,SHa
sample1,CTCGGGACAGGCAGTA,TFa
sample1,CTCGGGATCAAACGGG,SHa
sample1,CTCGGGATCTTAGAGC,SHm
sample1,CTCGTACAGCTTCGCG,TFa
sample1,CTCGTACAGTCTTGCA,CC
sample1,CTCGTACGTACATCCA,SHm
sample1,CTCTACGAGATGCGAC,FSCP
sample1,CTCTGGTGTGCAGGTA,CC
sample1,CTGAAACCAGCTGCTG,SW
sample1,CTGAAACCATTCGACA,FSCP
sample1,CTGATAGGTCAATACC,IC
sample1,CTGATCCAGCGTAATA,FSCP
sample1,CTGATCCGTGGAAAGA,IC
sample1,CTGCCTAGTGTGAAAT,CC
sample1,CTGCCTAGTTCTGGTA,SW
sample1,CTGCGGAAGCGTTTAC,TFa
sample1,CTGCGGAAGTTGCAGG,SHm
sample1,CTGCTGTCATCCTTGC,SW
sample1,CTGCTGTGTCCTCTTG,IC
sample1,CTGTGCTCAGTCACTA,IC
sample1,CTTAACTTCGGCTACG,SHm
sample1,CTTCTCTCAGATCCAT,SW
sample1,GAAACTCAGGGTTTCT,TFp
sample1,GAAACTCTCAGAGACG,SW
sample1,GAAATGACATGCATGT,SHm
sample1,GAAATGAGTTGGACCC,TFp
sample1,GAACATCCAAAGCAAT,SHa
sample1,GAACATCGTCAACATC,IC
sample1,GAACCTATCACCGTAA,FSCP
sample1,GAACGGATCCGTAGGC,FSCP
sample1,GAATAAGCAGGATTGG,FSCP
sample1,GAATGAACAGGCGATA,SHa
sample1,GACAGAGAGCGATATA,SHm
sample1,GACCAATCAGGGAGAG,SW
sample1,GACCTGGGTATGCTTG,IC
sample1,GACGCGTCACTGAAGG,IC
sample1,GACGCGTGTCTAGCCG,SHa
sample1,GACGGCTTCGAGAACG,SW
sample1,GACGTGCAGCTCTCGG,SHm
sample1,GACGTGCCAGTTCATG,TFp
sample1,GACGTGCGTTAGATGA,SHa
sample1,GACGTTATCATGTCCC,SW
sample1,GACTAACGTATAGTAG,SW
sample1,GACTACAAGTTCGCGC,SHa
sample1,GACTGCGCAAGCGAGT,SW
sample1,GACTGCGCATTAGGCT,SW
sample1,GAGCAGACATACTCTT,FSCP
sample1,GAGCAGACATTGGTAC,IC
sample1,GAGCAGAGTTTACTCT,SW
sample1,GAGGTGAGTGCCTGTG,IC
sample1,GAGGTGAGTTACGGAG,SW
sample1,GAGTCCGGTGGTAACG,FSCP
sample1,GATCAGTGTACAGTTC,CC
sample1,GATCAGTGTATTAGCC,SW
sample1,GATCGATGTCCTCTTG,FSCP
sample1,GATCGCGAGAGGACGG,TFa
sample1,GATCTAGAGTACGCCC,SHa
sample1,GATCTAGGTCCTCCAT,SHm
sample1,GATGAAAGTTCGCTAA,IC
sample1,GATGAAATCATCTGCC,SW
sample1,GATGAAATCTTAGCCC,SHm
sample1,GATGAGGGTCGCGAAA,SHa
sample1,GATGAGGTCATAAAGG,TFa
sample1,GATGCTACATGATCCA,CC
sample1,GATGCTATCAAAGACA,FSCP
sample1,GATGCTATCAGTGTTG,CC
sample1,GCAAACTCAAAGTGCG,SW
sample1,GCAATCACAAAGTCAA,CC
sample1,GCAATCACAGCCTGTG,IC
sample1,GCACATAGTCCGAGTC,SHm
sample1,GCACATAGTTTAAGCC,SHa
sample1,GCACTCTCACCAACCG,SW
sample1,GCACTCTTCAGTGTTG,FSCP
sample1,GCAGCCATCATGCAAC,SW
sample1,GCATGATTCGTCACGG,IC
sample1,GCATGCGCATTCACTT,FSCP
sample1,GCATGTACACCTGGTG,IC
sample1,GCATGTACAGGGCATA,SW
sample1,GCATGTACAGTGGGAT,TFa
sample1,GCCTCTACAGGCAGTA,TFa
sample1,GCGACCAAGAGTCTGG,TFp
sample1,GCGACCAGTGGTAACG,SW
sample1,GCGAGAAAGCTAAACA,SW
sample1,GCGCAGTTCACGGTTA,SHa
sample1,GCGCCAAAGTGTACTC,FSCP
sample1,GCGGGTTTCTTGACGA,SW
sample1,GCTCCTAAGAGCTTCT,FSCP
sample1,GCTCCTAGTTCCACTC,SW
sample1,GCTCTGTAGCTGATAA,TFp
sample1,GCTCTGTGTTTGTTTC,FSCP
sample1,GCTGCAGTCCTACAGA,FSCP
sample1,GCTGCTTTCAACACCA,IC
sample1,GCTGCTTTCTGAAAGA,IC
sample1,GCTGGGTGTCATGCAT,SHm
sample1,GGAACTTAGAAGGCCT,SHm
sample1,GGAACTTAGAGTAAGG,TFa
sample1,GGACAAGGTGTGGCTC,TFa
sample1,GGACAGAGTGCTTCTC,TFp
sample1,GGACAGAGTTACAGAA,IC
sample1,GGACATTAGGTAGCCA,SHa
sample1,GGACATTCAGCTTAAC,SHa
sample1,GGACATTGTGGGTCAA,SW
sample1,GGACGTCTCACAGTAC,SW
sample1,GGAGCAAAGTGTCCAT,SHm
sample1,GGAGCAATCTGCTGCT,SHa
sample1,GGATGTTGTAGCGCTC,CC
sample1,GGATGTTGTGGGTATG,IC
sample1,GGCAATTAGAGCTATA,SHm
sample1,GGCAATTCACAAGACG,SW
sample1,GGCTCGAGTCATCGGC,TFa
sample1,GGCTGGTAGTGCCAGA,SHm
sample1,GGCTGGTGTTGAGGTG,FSCP
sample1,GGCTGGTTCCCGGATG,FSCP
sample1,GGGAATGAGATCTGAA,SW
sample1,GGGAGATAGAATGTGT,TFp
sample1,GGGATGAAGACCTAGG,CC
sample1,GGGATGACAAATACAG,SHm
sample1,GGGATGAGTCAATGTC,SHa
sample1,GGGATGATCGTTGCCT,SHa
sample1,GGGCACTCACCACCAG,FSCP
sample1,GGGCACTCAGGATCGA,FSCP
sample1,GGGCACTTCAAGGTAA,IC
sample1,GGGCATCCATTACCTT,SW
sample1,GGGCATCGTAAAGTCA,SW
sample1,GGGCATCTCGCGCCAA,IC
sample1,GGTATTGTCAACCAAC,CC
sample1,GGTGTTACAAGGTTTC,SHa
sample1,GTAACGTCATACTCTT,SHm
sample1,GTAACGTGTCGGCTCA,SHa
sample1,GTAACTGCAGCGATCC,SW
sample1,GTAACTGGTCGATTGT,IC
sample1,GTACGTATCAAGGCTT,FSCP
sample1,GTACTCCAGGAACTGC,TFp
sample1,GTACTCCCAAGCCATT,SHm
sample1,GTACTCCTCCTTTCGG,SHa
sample1,GTACTCCTCGATCCCT,SHm
sample1,GTACTTTCATCCCACT,SW
sample1,GTAGGCCTCAGGCGAA,SW
sample1,GTATTCTAGTATGACA,SW
sample1,GTCAAGTGTCGACTGC,SW
sample1,GTCACAAGTACCGAGA,SW
sample1,GTCACAAGTCACTGGC,IC
sample1,GTCCTCAAGGCTCTTA,FSCP
sample1,GTCCTCACAATCCGAT,SW
sample1,GTCGTAAGTGCTAGCC,TFp
sample1,GTGAAGGAGGTGTTAA,SHm
sample1,GTGCAGCCAGCGATCC,CC
sample1,GTGCAGCTCGTTTGCC,CC
sample1,GTGCATACACGTCTCT,CC
sample1,GTGCATAGTGCTGTAT,SW
sample1,GTGCATATCCATGAAC,CC
sample1,GTGCGGTTCACCGTAA,SHa
sample1,GTGCGGTTCTGGCGTG,FSCP
sample1,GTGGGTCTCAGTTTGG,TFp
sample1,GTGGGTCTCGAGAACG,FSCP
sample1,GTGTGCGTCCTGCTTG,SW
sample1,GTGTTAGCAGCGATCC,SW
sample1,GTGTTAGCAGGAATGC,SW
sample1,GTGTTAGGTACAGTTC,CC
sample1,GTTAAGCAGTCTCGGC,SHa
sample1,GTTAAGCCATAAAGGT,SHa
sample1,GTTAAGCTCATCTGTT,IC
sample1,GTTACAGAGTGTTGAA,SHa
sample1,GTTACAGGTAAACCTC,SHa
sample1,GTTCGGGAGTAATCCC,IC
sample1,GTTCTCGAGCCCAACC,SW
sample1,GTTCTCGGTCCTCTTG,SW
sample1,GTTCTCGTCTTATCTG,SHa
sample1,GTTTCTAAGCCCTAAT,FSCP
sample1,GTTTCTAAGGCAAAGA,SHm
sample1,TAAACCGAGTGAATTG,SW
sample1,TAAACCGCATCGACGC,FSCP
sample1,TAAACCGTCATTTGGG,SW
sample1,TAAGAGACACTTCGAA,FSCP
sample1,TAAGAGACATGGGAAC,TFp
sample1,TAAGCGTGTCTAAACC,IC
sample1,TAAGCGTTCGTCCGTT,IC
sample1,TAAGCGTTCTCACATT,TFp
sample1,TAAGTGCCAACAACCT,CC
sample1,TAAGTGCTCGTATCAG,SW
sample1,TACACGATCTGATACG,FSCP
sample1,TACCTATAGAAACCAT,SW
sample1,TACCTATCAAAGGCGT,IC
sample1,TACCTATGTCATCGGC,SHa
sample1,TACCTTAGTGAAAGAG,IC
sample1,TACGGGCAGAGTGAGA,FSCP
sample1,TACGGGCAGTGGCACA,FSCP
sample1,TACGGGCCAGACGTAG,FSCP
sample1,TACGGTAGTCCAACTA,IC
sample1,TACTCATCATGCTGGC,SW
sample1,TACTTGTTCCCAACGG,IC
sample1,TAGACCAAGTGGTCCC,FSCP
sample1,TAGCCGGCAGTCACTA,TFp
sample1,TAGGCATTCTCATTCA,SHm
sample1,TAGTGGTGTGTGGCTC,SHa
sample1,TAGTTGGAGCCTCGTG,SW
sample1,TAGTTGGTCAAAGACA,SHm
sample1,TAGTTGGTCTCTTGAT,SW
sample1,TATCAGGTCTTTACGT,FSCP
sample1,TATGCCCCACGTAAGG,SHa
sample1,TATTACCCACAAGTAA,IC
sample1,TATTACCCAGCCTTGG,SHa
sample1,TATTACCTCAACCAAC,FSCP
sample1,TCAACGATCGCCAAAT,CC
sample1,TCACAAGCATCGGACC,IC
sample1,TCACAAGGTTCACCTC,SW
sample1,TCAGCAAGTTCTGTTT,FSCP
sample1,TCAGCAATCCTACAGA,IC
sample1,TCAGCTCGTCTTCGTC,CC
sample1,TCAGGATTCCAATGGT,IC
sample1,TCATTACGTCAGTGGA,SW
sample1,TCATTTGGTATGGTTC,SW
sample1,TCCACACCAATAAGCA,SW
sample1,TCCACACGTAACGACG,CC
sample1,TCCCGATGTGTGGTTT,SW
sample1,TCGAGGCGTTGGAGGT,TFa
sample1,TCGAGGCTCGCACTCT,FSCP
sample1,TCGCGTTGTACTTAGC,CC
sample1,TCGCGTTGTGTAATGA,SHa
sample1,TCGGGACGTGCATCTA,FSCP
sample1,TCGGGACTCCAAACAC,FSCP
sample1,TCGGTAAAGAATTCCC,TFa
sample1,TCGTACCGTAGGACAC,SW
sample1,TCGTACCGTGCACGAA,SHm
sample1,TCTCATAAGCGTGAGT,FSCP
sample1,TCTCATAAGTACATGA,SW
sample1,TCTCATACACCTTGTC,SHa
sample1,TCTCATATCCTCCTAG,SW
sample1,TCTGGAAGTCAACATC,IC
sample1,TCTGGAAGTGTCGCTG,SW
sample1,TCTGGAATCATACGGT,SW
sample1,TCTTTCCAGGAGTAGA,FSCP
sample1,TCTTTCCCAGGATTGG,TFp
sample1,TCTTTCCGTTACGTCA,FSCP
sample1,TGACTAGAGGATTCGG,IC
sample1,TGACTAGAGTAATCCC,CC
sample1,TGACTAGCAAAGGCGT,SW
sample1,TGACTAGCACAGTCGC,SW
sample1,TGACTAGCACTCAGGC,FSCP
sample1,TGACTAGTCGTTACAG,CC
sample1,TGACTTTAGGTGGGTT,IC
sample1,TGACTTTTCGTATCAG,TFp
sample1,TGACTTTTCTGGTTCC,SW
sample1,TGAGCATCAAGCGATG,SHa
sample1,TGAGCATTCTCGCTTG,FSCP
sample1,TGAGGGATCCAATGGT,IC
sample1,TGATTTCAGGCACATG,SHa
sample1,TGATTTCGTTATCGGT,IC
sample1,TGATTTCTCCTGCCAT,TFp
sample1,TGCACCTGTAGGCATG,CC
sample1,TGCCAAAGTTTGTTTC,SW
sample1,TGCCCATAGTGCTGCC,IC
sample1,TGCCCATGTTCGGGCT,SHm
sample1,TGCGCAGAGGGAAACA,SW
sample1,TGCGGGTCACCGCTAG,SHm
sample1,TGCGGGTTCCTCAATT,SW
sample1,TGCTACCCACAAGACG,SW
sample1,TGCTACCTCCAAGTAC,IC
sample1,TGCTACCTCTCCTATA,TFp
sample1,TGGACGCAGGGTCTCC,SHa
sample1,TGGACGCGTTCCCTTG,IC
sample1,TGGCCAGAGGTGCTAG,FSCP
sample1,TGGCCAGAGTATCGAA,SHm
sample1,TGGCGCACAGTCCTTC,SW
sample1,TGGCTGGGTAGCAAAT,TFa
sample1,TGGCTGGGTTAGGGTG,FSCP
sample1,TGGGCGTCAGACTCGC,SW
sample1,TGGTTAGGTTCCAACA,CC
sample1,TGGTTCCAGCCCGAAA,IC
sample1,TGGTTCCGTCTCATCC,FSCP
sample1,TGTATTCAGGCGACAT,IC
sample1,TGTCCCACAATGGAAT,CC
sample1,TGTCCCATCCTGTACC,SW
sample1,TGTGTTTTCTGGCGTG,FSCP
sample1,TGTTCCGAGGTAAACT,TFa
sample1,TGTTCCGCATACTACG,SHm
sample1,TGTTCCGGTGGGTCAA,SHa
sample1,TTAACTCAGCAGACTG,TFa
sample1,TTAGGACGTAACGCGA,TFa
sample1,TTAGGACGTATTCGTG,FSCP
sample1,TTAGGACGTATTCTCT,SHa
sample1,TTAGGCAGTCTGGTCG,SW
sample1,TTATGCTCAACCGCCA,SW
sample1,TTATGCTCACCAACCG,SW
sample1,TTCCCAGAGGACTGGT,CC
sample1,TTCGAAGTCCTTTCTC,IC
sample1,TTCGGTCGTTCATGGT,IC
sample1,TTCTACACAAAGTGCG,FSCP
sample1,TTCTACACATTTCAGG,FSCP
sample1,TTCTCCTCAGGGCATA,CC
sample1,TTGACTTGTCTTGTCC,SW
sample1,TTGCCGTAGTCCGGTC,CC
sample1,TTGCGTCCACTTAAGC,IC
sample1,TTGGAACAGTGTTAGA,SHm
sample1,TTGGAACGTGGTCTCG,IC
sample1,TTGGAACTCCTTCAAT,FSCP
sample1,TTGGAACTCTGCGACG,CC
sample1,TTGTAGGCAGACACTT,IC
sample1,TTTCCTCCACGGCCAT,SHa
sample1,TTTGGTTGTCCCTACT,FSCP
sample1,AAACCTGAGCCTATGT,GC
sample1,AAGGAGCGTCGGGTCT,GC
sample1,AATCGGTAGAAACCAT,GC
sample1,AATCGGTTCTGACCTC,GC
sample1,ACACTGACACTCAGGC,GC
sample1,ACCAGTACACTTCTGC,GC
sample1,ACGATACGTCATACTG,GC
sample1,ACGATACTCAGGTAAA,GC
sample1,ACGATGTGTAATAGCA,GC
sample1,ACGCCGAGTATCACCA,GC
sample1,ACGGAGAGTCGACTAT,GC
sample1,ACGTCAATCCAAGTAC,GC
sample1,ACTTGTTGTTCATGGT,GC
sample1,AGAATAGAGCCCGAAA,GC
sample1,AGAATAGCACATGACT,GC
sample1,AGAATAGCATCCGTGG,GC
sample1,AGATCTGAGAGTCGGT,GC
sample1,AGCATACTCCTAGAAC,GC
sample1,AGCGGTCAGCGATGAC,GC
sample1,AGGGAGTAGAGGTTGC,GC
sample1,AGGGAGTGTACAGCAG,GC
sample1,AGTAGTCCATCGGACC,GC
sample1,AGTTGGTTCTCTGCTG,GC
sample1,ATCCGAATCACGACTA,GC
sample1,ATTACTCCACACAGAG,GC
sample1,ATTTCTGTCCCATTTA,GC
sample1,CAACTAGGTATCTGCA,GC
sample1,CAAGGCCGTTTAGGAA,GC
sample1,CACAGGCCAAAGTGCG,GC
sample1,CACATAGAGACCACGA,GC
sample1,CACTCCAGTCGCATAT,GC
sample1,CAGCATAAGATATGCA,GC
sample1,CAGCTGGCAGCGTAAG,GC
sample1,CAGTAACAGCAAATCA,GC
sample1,CAGTAACCACTTACGA,GC
sample1,CATCGGGCAGGACGTA,GC
sample1,CATGGCGCAGTAGAGC,GC
sample1,CATGGCGTCCGTCATC,GC
sample1,CATTATCTCACTCTTA,GC
sample1,CCAGCGATCACCACCT,GC
sample1,CCCTCCTTCAACACAC,GC
sample1,CCTCTGACAGTTTACG,GC
sample1,CCTTTCTGTCACACGC,GC
sample1,CGAGCCATCAACGGGA,GC
sample1,CGATGGCCAGTAAGAT,GC
sample1,CGATGGCGTGGTCCGT,GC
sample1,CGCTTCATCTCCGGTT,GC
sample1,CGTCAGGTCCGAACGC,GC
sample1,CGTGTAACAAGCTGTT,GC
sample1,CTAATGGGTGTGAAAT,GC
sample1,CTACACCTCGCCATAA,GC
sample1,CTACATTCAATCACAC,GC
sample1,CTACGTCAGTCTTGCA,GC
sample1,CTAGCCTTCCCTAACC,GC
sample1,CTCACACTCCGTCAAA,GC
sample1,CTCAGAAAGCAGATCG,GC
sample1,CTGAAACGTGTAAGTA,GC
sample1,CTGGTCTTCGAGGTAG,GC
sample1,GAACGGATCTCTTGAT,GC
sample1,GACGTTATCCGAACGC,GC
sample1,GATCAGTCATTGTGCA,GC
sample1,GATGCTACACCGAAAG,GC
sample1,GCACATAAGTGTACGG,GC
sample1,GCACATAGTCTAGCCG,GC
sample1,GCACTCTTCATCGGAT,GC
sample1,GCATGTATCAGTCAGT,GC
sample1,GCCAAATCACCTCGTT,GC
sample1,GCGACCACAACTTGAC,GC
sample1,GCGCAACAGCGAAGGG,GC
sample1,GCGCAGTAGAATCTCC,GC
sample1,GCTGCGATCTGTACGA,GC
sample1,GGGCACTTCAAACCGT,GC
sample1,GGTATTGTCTGGAGCC,GC
sample1,GGTGCGTCAATTCCTT,GC
sample1,GGTGCGTCACGGTAGA,GC
sample1,GGTGCGTTCTCGCATC,GC
sample1,GGTGTTATCCACGACG,GC
sample1,GTAACTGTCTCCCTGA,GC
sample1,GTACTCCTCGCGGATC,GC
sample1,GTAGTCACAAGCCGCT,GC
sample1,GTATCTTTCGTATCAG,GC
sample1,GTGTTAGAGCGATAGC,GC
sample1,GTGTTAGGTTCCCTTG,GC
sample1,TACGGGCTCGACAGCC,GC
sample1,TAGGCATCACGACGAA,GC
sample1,TCAACGATCTACTATC,GC
sample1,TCAGCTCCATACTCTT,GC
sample1,TCAGGATGTCACTTCC,GC
sample1,TCTCATAAGAAGGGTA,GC
sample1,TGAGGGAGTCACCCAG,GC
sample1,TGCTGCTGTAAACACA,GC
sample1,TTAACTCGTCAGTGGA,GC
sample1,TTAGGACCAGCCTTTC,GC
sample1,TTCGGTCAGTCATCCA,GC
sample1,TTCTCCTTCGTTTAGG,GC
sample1,TTGCGTCCAGCCACCA,GC
sample1,TTTACTGAGAAGAAGC,GC
sample1,TTTATGCGTAGAAGGA,GC
sample1,TTTGCGCAGTACGCGA,GC
sample2,AAACCTGAGATACACA,FSCP
sample2,AAAGATGCAGGACGTA,FSCP
sample2,AAAGATGCATCCGTGG,CC
sample2,AAAGATGTCTGGTATG,SHa
sample2,AAAGCAATCTGTCCGT,CC
sample2,AAAGTAGAGGACATTA,IC
sample2,AAAGTAGCAGGAATCG,SHa
sample2,AAAGTAGGTAAGTAGT,SHm
sample2,AAATGCCGTGCGAAAC,IC
sample2,AACCATGCATTCTTAC,SW
sample2,AACCATGTCAAGGCTT,IC
sample2,AACCATGTCAGTCAGT,SW
sample2,AACCATGTCTATCGCC,SW
sample2,AACCGCGGTTGGGACA,FSCP
sample2,AACGTTGCAGGGATTG,FSCP
sample2,AACTCCCCAGCTGTGC,SW
sample2,AACTCCCTCCCGACTT,TFp
sample2,AACTTTCAGCGATGAC,SHa
sample2,AACTTTCCAATGAATG,CC
sample2,AACTTTCCAGTATGCT,FSCP
sample2,AAGACCTAGACCTAGG,IC
sample2,AAGACCTAGCCCTAAT,IC
sample2,AAGACCTAGGCCCTTG,FSCP
sample2,AAGACCTAGGCCGAAT,SHm
sample2,AAGACCTTCGTGACAT,FSCP
sample2,AAGCCGCCACCACCAG,SW
sample2,AAGGAGCGTAGCTAAA,SHm
sample2,AAGGAGCGTTCCATGA,TFa
sample2,AAGGCAGAGCCGCCTA,SHa
sample2,AAGGCAGTCACTTACT,SW
sample2,AAGGCAGTCATTGCGA,IC
sample2,AAGGTTCTCAGCATGT,IC
sample2,AAGTCTGCAGTCGTGC,SHm
sample2,AATCCAGGTCAGAATA,FSCP
sample2,AATCGGTCAAGCTGTT,SW
sample2,ACACCAAAGTAAGTAC,IC
sample2,ACACCGGTCGCGTAGC,IC
sample2,ACACTGAGTGCACCAC,FSCP
sample2,ACAGCCGTCATCTGCC,FSCP
sample2,ACATGGTGTTGAGTTC,CC
sample2,ACCAGTAAGCTAACAA,TFp
sample2,ACCAGTAAGTTGAGTA,GC
sample2,ACCGTAAGTATCACCA,IC
sample2,ACCTTTACAGTGAGTG,SHa
sample2,ACCTTTAGTGCAGGTA,TFp
sample2,ACGAGCCTCCGTCATC,SW
sample2,ACGAGGAAGTGGCACA,FSCP
sample2,ACGAGGAGTCCCGACA,FSCP
sample2,ACGAGGAGTGGCTCCA,TFa
sample2,ACGATGTAGCAATATG,FSCP
sample2,ACGATGTCATTTCACT,TFa
sample2,ACGCAGCAGTTGAGAT,FSCP
sample2,ACGCCAGAGCGTTGCC,CC
sample2,ACGCCAGAGTGGTAGC,SHm
sample2,ACGCCAGGTTCAGTAC,TFp
sample2,ACGCCAGTCGCGGATC,SW
sample2,ACGCCAGTCTCTTATG,IC
sample2,ACGCCGAAGACTAGAT,FSCP
sample2,ACGCCGAAGCGCTTAT,IC
sample2,ACGGAGACATCCGCGA,FSCP
sample2,ACGGCCAAGGAGTTTA,IC
sample2,ACGGGCTAGGGCTTGA,CC
sample2,ACGGGCTGTGAGCGAT,SHm
sample2,ACGGGCTTCATCACCC,SHa
sample2,ACGGGTCAGGATGGAA,SW
sample2,ACGTCAAAGTGTCTCA,CC
sample2,ACGTCAACAATAGCGG,CC
sample2,ACGTCAACAATGTAAG,TFp
sample2,ACGTCAACACTAAGTC,SHa
sample2,ACTGAACAGATGGGTC,SW
sample2,ACTGAACTCACGATGT,CC
sample2,ACTGAACTCCCAACGG,SHm
sample2,ACTGAGTCAATGGTCT,SHa
sample2,ACTGATGCATGATCCA,SW
sample2,ACTGATGGTGATAAAC,IC
sample2,ACTGCTCAGTACGCCC,SW
sample2,ACTGTCCAGCTGCAAG,SW
sample2,ACTGTCCAGGAACTGC,SW
sample2,ACTGTCCGTGTCTGAT,FSCP
sample2,ACTTACTAGGTTACCT,IC
sample2,ACTTACTAGTTAACGA,IC
sample2,ACTTACTCAGCTGTGC,IC
sample2,ACTTACTCAGGATTGG,SW
sample2,ACTTACTGTCCGACGT,TFa
sample2,ACTTACTTCGCAGGCT,TFa
sample2,ACTTGTTTCTATCGCC,FSCP
sample2,AGACGTTAGCGAGAAA,CC
sample2,AGACGTTAGGATGGTC,TFa
sample2,AGACGTTCACTGTCGG,SHm
sample2,AGACGTTCATCTACGA,SW
sample2,AGAGCGAAGCCACCTG,TFp
sample2,AGAGCGAAGTTTCCTT,TFa
sample2,AGAGCGACATGAACCT,SHm
sample2,AGAGCGACATGAAGTA,CC
sample2,AGAGCGAGTGAGTATA,CC
sample2,AGAGTGGAGCGTGAGT,SW
sample2,AGAGTGGCAGGTCTCG,SW
sample2,AGATCTGCACGACGAA,TFp
sample2,AGATCTGCAGCTGTTA,FSCP
sample2,AGATTGCAGGCAAAGA,TFa
sample2,AGCAGCCCAAGTACCT,SHa
sample2,AGCAGCCTCCAAACTG,SHm
sample2,AGCATACAGAAACCGC,SW
sample2,AGCATACGTTAAAGAC,CC
sample2,AGCCTAAAGGGATGGG,TFp
sample2,AGCCTAAGTACCGCTG,FSCP
sample2,AGCCTAATCAGCACAT,CC
sample2,AGCGTATAGAGGGCTT,CC
sample2,AGCGTCGCAGCAGTTT,CC
sample2,AGCGTCGGTACAAGTA,FSCP
sample2,AGCTCCTTCCAAGTAC,IC
sample2,AGCTTGAAGGCTCTTA,CC
sample2,AGCTTGACAGGAATCG,IC
sample2,AGCTTGACAGGTCGTC,SW
sample2,AGGCCACAGACTGGGT,CC
sample2,AGGCCACCATGGGAAC,FSCP
sample2,AGGGAGTGTCATATCG,SW
sample2,AGGGAGTGTCCAGTGC,SHm
sample2,AGGGATGCAAATCCGT,SHa
sample2,AGGGATGTCGGTGTCG,SHa
sample2,AGGGTGACAATGGTCT,IC
sample2,AGGGTGAGTATGGTTC,SW
sample2,AGGGTGAGTATTAGCC,SHa
sample2,AGGGTGATCGAGAACG,TFp
sample2,AGGTCATCAGGGTTAG,CC
sample2,AGGTCATCATCACCCT,CC
sample2,AGGTCATGTAGAGGAA,TFp
sample2,AGGTCATGTGGCTCCA,TFa
sample2,AGGTCATTCTGTCAAG,CC
sample2,AGGTCCGTCGGTGTCG,SHm
sample2,AGTAGTCGTGTCGCTG,SHm
sample2,AGTAGTCTCCTGCTTG,SW
sample2,AGTGAGGGTACAGACG,FSCP
sample2,AGTGAGGGTAGATTAG,TFp
sample2,AGTGGGAGTGGTCTCG,IC
sample2,AGTGTCAGTACCCAAT,FSCP
sample2,AGTGTCATCACATGCA,FSCP
sample2,ATAACGCAGCAACGGT,SW
sample2,ATAACGCGTTTGTGTG,SW
sample2,ATAAGAGGTCGCCATG,IC
sample2,ATCACGACATGGTCAT,IC
sample2,ATCACGATCAGTTCGA,IC
sample2,ATCACGATCCTGCAGG,SHm
sample2,ATCATCTCATGGAATA,TFp
sample2,ATCATCTTCGGCGCAT,SW
sample2,ATCATGGAGATCACGG,SW
sample2,ATCCACCAGGCCCTTG,CC
sample2,ATCCACCGTCAGTGGA,IC
sample2,ATCCACCGTTTACTCT,IC
sample2,ATCCACCTCAGTGTTG,SW
sample2,ATCCGAAAGACAAGCC,FSCP
sample2,ATCCGAAAGGCGTACA,IC
sample2,ATCCGAACAATGAATG,CC
sample2,ATCCGAAGTGCCTGGT,FSCP
sample2,ATCCGAAGTTCCACAA,CC
sample2,ATCGAGTCAACCGCCA,CC
sample2,ATCTACTAGATGTGTA,FSCP
sample2,ATCTACTGTAAATGAC,SW
sample2,ATCTGCCAGTACACCT,FSCP
sample2,ATCTGCCAGTCAATAG,TFa
sample2,ATCTGCCCAAAGTCAA,IC
sample2,ATCTGCCTCTGTTGAG,CC
sample2,ATGAGGGAGCGTGAAC,FSCP
sample2,ATGAGGGCAATTGCTG,TFp
sample2,ATGCGATTCTAACTGG,SHa
sample2,ATGGGAGTCAACACTG,TFa
sample2,ATGTGTGTCCCAAGAT,CC
sample2,ATTATCCAGAGGTAGA,FSCP
sample2,ATTATCCCACATGGGA,IC
sample2,ATTATCCCAGTTCATG,CC
sample2,ATTCTACGTCGGCATC,SHm
sample2,ATTGGACAGTAGTGCG,SW
sample2,ATTGGTGAGCCTTGAT,FSCP
sample2,ATTGGTGCATTACGAC,SW
sample2,ATTTCTGCAAGTCTGT,SW
sample2,ATTTCTGCACCAGATT,SHm
sample2,ATTTCTGGTTGCGCAC,FSCP
sample2,CAACCAAAGTTGTAGA,IC
sample2,CAACCAACACAGGAGT,IC
sample2,CAACCAAGTTAAAGAC,IC
sample2,CAACCAATCACTATTC,SW
sample2,CAACCTCGTAGAGCTG,FSCP
sample2,CAACCTCGTCGAAAGC,TFp
sample2,CAACCTCGTGCTCTTC,CC
sample2,CAACCTCTCCGCGCAA,FSCP
sample2,CAACTAGCACGTTGGC,IC
sample2,CAAGAAAAGCCAGTAG,SHa
sample2,CAAGAAAAGGCATGGT,TFp
sample2,CAAGAAACACCTCGTT,IC
sample2,CAAGAAAGTAGATTAG,SW
sample2,CAAGAAAGTTAGATGA,IC
sample2,CAAGAAATCAGCGATT,IC
sample2,CAAGATCGTTTGACAC,IC
sample2,CAAGATCTCACCCGAG,SHm
sample2,CAAGGCCAGCTAAGAT,SHm
sample2,CAAGGCCGTCCGCTGA,IC
sample2,CAAGTTGAGCTACCGC,CC
sample2,CAAGTTGGTTGCGTTA,TFp
sample2,CACACAACACGGACAA,SW
sample2,CACACAAGTACGCACC,TFp
sample2,CACACAATCTCAACTT,IC
sample2,CACACCTAGTTATCGC,FSCP
sample2,CACACCTCATCACGAT,FSCP
sample2,CACACTCAGATCCGAG,SHm
sample2,CACAGGCAGAGCTGCA,CC
sample2,CACAGGCTCTCGTTTA,SHa
sample2,CACAGTACAAGCCGTC,IC
sample2,CACAGTACACCGATAT,TFa
sample2,CACAGTAGTCCCGACA,FSCP
sample2,CACATAGAGCACAGGT,SHa
sample2,CACATTTCAGGCTCAC,SW
sample2,CACCACTCACGGTAGA,CC
sample2,CACCACTTCAAAGACA,IC
sample2,CACCAGGAGGATATAC,FSCP
sample2,CACCAGGAGTTCGCAT,FSCP
sample2,CACCAGGGTGGGTATG,FSCP
sample2,CACCTTGGTCGCTTCT,FSCP
sample2,CACTCCAGTTAAGGGC,SHm
sample2,CACTCCATCACCCGAG,SW
sample2,CACTCCATCGTAGGTT,FSCP
sample2,CAGAATCGTTCAGTAC,CC
sample2,CAGAGAGTCAATAAGG,SW
sample2,CAGATCAAGGACTGGT,FSCP
sample2,CAGCATAAGAGCTGGT,CC
sample2,CAGCTAAAGTGAAGAG,SHa
sample2,CAGCTAATCTGGAGCC,TFa
sample2,CAGCTGGAGGCAGTCA,SHm
sample2,CAGCTGGCACCATCCT,CC
sample2,CAGCTGGGTCTCAACA,TFa
sample2,CAGCTGGGTTGTCGCG,IC
sample2,CAGTAACCAGACGCAA,CC
sample2,CAGTAACGTAATCACC,TFa
sample2,CAGTCCTCACACCGAC,TFp
sample2,CATATGGCATTCTTAC,SW
sample2,CATATGGGTTCGCTAA,SHm
sample2,CATATTCAGAGCTTCT,SHa
sample2,CATATTCAGGCAGGTT,IC
sample2,CATCAAGAGGCATGGT,TFp
sample2,CATCAAGCAACACCCG,IC
sample2,CATCAAGTCCAAGTAC,SHm
sample2,CATCAAGTCCTATGTT,TFa
sample2,CATCCACCATGCCTTC,SHm
sample2,CATCCACGTTGGGACA,SHa
sample2,CATCGAAAGAGACTTA,SHa
sample2,CATCGAACAGCCTTGG,SW
sample2,CATCGAACATTCCTCG,IC
sample2,CATCGGGCATCCGGGT,FSCP
sample2,CATCGGGGTGTTCTTT,SHm
sample2,CATCGGGTCATTTGGG,SW
sample2,CATCGGGTCGGCGGTT,IC
sample2,CATGACAGTGCACGAA,SW
sample2,CATGCCTCACTTCTGC,SHa
sample2,CATGCCTGTCCGACGT,SHa
sample2,CATTATCAGCCAGTTT,SHa
sample2,CATTATCAGCTACCGC,IC
sample2,CATTATCCACCAGGTC,SHm
sample2,CATTATCCATACTACG,SW
sample2,CATTATCGTCTCTCGT,FSCP
sample2,CATTCGCAGCCAGGAT,SHm
sample2,CATTCGCTCCTCCTAG,IC
sample2,CCAATCCTCAACGGGA,SW
sample2,CCAATCCTCCTGCTTG,FSCP
sample2,CCACCTAAGAAGGGTA,FSCP
sample2,CCACGGAAGATGTAAC,IC
sample2,CCACGGAGTGCACGAA,SW
sample2,CCACGGATCAGCCTAA,SHa
sample2,CCACTACGTAAATGAC,FSCP
sample2,CCAGCGACATCTATGG,FSCP
sample2,CCAGCGATCTCTGTCG,IC
sample2,CCAGCGATCTGTACGA,IC
sample2,CCATGTCAGTCATGCT,TFp
sample2,CCATGTCTCAAGGCTT,SW
sample2,CCATTCGGTCTAGCGC,SW
sample2,CCCAATCAGAGGTACC,SHa
sample2,CCCAATCCAAGTAATG,SHm
sample2,CCCAGTTTCAAACAAG,SW
sample2,CCCATACAGAATAGGG,SW
sample2,CCCATACAGGGTCTCC,SW
sample2,CCCATACAGTACGATA,IC
sample2,CCCATACGTTGAGGTG,TFp
sample2,CCGGGATAGAATGTTG,CC
sample2,CCGGGATAGCTGAAAT,IC
sample2,CCGGGATCATCAGTAC,SW
sample2,CCGGTAGGTACAGTGG,SHm
sample2,CCGGTAGTCGAACGGA,IC
sample2,CCGTACTGTGCAACTT,SHa
sample2,CCGTACTTCACAGTAC,CC
sample2,CCGTACTTCCAAGTAC,TFa
sample2,CCGTGGACAACTGCTA,SW
sample2,CCGTTCATCCTTGACC,SHm
sample2,CCTACACTCGCCCTTA,FSCP
sample2,CCTACACTCTTCTGGC,SW
sample2,CCTACCAAGGGATACC,CC
sample2,CCTACCAAGTCATCCA,TFa
sample2,CCTACCAGTAGATTAG,SHa
sample2,CCTAGCTCACAGAGGT,SHm
sample2,CCTATTAAGACTACAA,CC
sample2,CCTATTAGTATCTGCA,CC
sample2,CCTCAGTAGCCCAATT,CC
sample2,CCTCTGACAGTATCTG,FSCP
sample2,CCTCTGAGTCTAAAGA,SHa
sample2,CCTCTGATCGCACTCT,CC
sample2,CCTTACGGTCCGAATT,TFp
sample2,CCTTACGGTTCCCTTG,SHa
sample2,CCTTCCCTCAACGGCC,SW
sample2,CGAACATCATCTGGTA,TFp
sample2,CGAATGTCAAGTCTGT,IC
sample2,CGAATGTGTCTCGTTC,IC
sample2,CGAATGTTCCGTTGCT,SW
sample2,CGAATGTTCGTATCAG,IC
sample2,CGACCTTAGGAGTACC,IC
sample2,CGACCTTCACTGAAGG,FSCP
sample2,CGACCTTTCGATAGAA,SHa
sample2,CGACTTCAGATCGGGT,IC
sample2,CGACTTCAGGCTATCT,SHa
sample2,CGACTTCGTGAGGGTT,SW
sample2,CGACTTCTCCTGTAGA,SHm
sample2,CGAGAAGAGGATGCGT,FSCP
sample2,CGAGAAGGTAAATGAC,SHa
sample2,CGAGAAGTCTATCCTA,FSCP
sample2,CGAGCACAGTTGCAGG,IC
sample2,CGAGCCAGTAAGAGGA,SW
sample2,CGATCGGAGGGATACC,SW
sample2,CGATCGGCAATGAAAC,CC
sample2,CGATCGGCACAAGACG,SHm
sample2,CGATCGGGTAAAGGAG,SHa
sample2,CGATCGGTCAAGCCTA,SW
sample2,CGATGGCCACGGTTTA,IC
sample2,CGCCAAGAGAGCTATA,FSCP
sample2,CGCCAAGAGATCCCGC,SHa
sample2,CGCCAAGAGTGAAGAG,SHm
sample2,CGCGGTAGTGTGCGTC,IC
sample2,CGCGGTATCATCGGAT,IC
sample2,CGCGGTATCGCGATCG,IC
sample2,CGCGGTATCGGCGCTA,SHa
sample2,CGCGTTTAGGTCATCT,IC
sample2,CGCTATCTCGAGAGCA,SW
sample2,CGCTGGAGTAGCCTCG,SW
sample2,CGCTGGAGTCTGCCAG,SHa
sample2,CGCTGGATCTAAGCCA,TFp
sample2,CGCTTCATCGTGGACC,FSCP
sample2,CGGACACCAATAAGCA,IC
sample2,CGGACACGTTCAGGCC,SHa
sample2,CGGACGTGTCAGATAA,SW
sample2,CGGACTGCACAGATTC,SHa
sample2,CGGACTGTCTTACCTA,IC
sample2,CGGAGCTAGCTTTGGT,TFa
sample2,CGGAGCTAGGCTAGCA,IC
sample2,CGGAGTCAGTCTCGGC,FSCP
sample2,CGGCTAGGTCCAACTA,SW
sample2,CGGCTAGTCAGCTCTC,FSCP
sample2,CGGCTAGTCTGCGACG,IC
sample2,CGGTTAAGTTAGAACA,SW
sample2,CGTAGCGGTTCGTCTC,FSCP
sample2,CGTAGGCAGCAGATCG,FSCP
sample2,CGTAGGCCAAATACAG,IC
sample2,CGTAGGCCACAAGACG,SW
sample2,CGTCACTAGGAGCGAG,SW
sample2,CGTCACTGTTGTACAC,TFa
sample2,CGTCACTTCTTTAGGG,IC
sample2,CGTCCATGTCGAATCT,SHa
sample2,CGTCCATGTGCAGTAG,SW
sample2,CGTCTACCACGGTAAG,FSCP
sample2,CGTCTACCATCCGTGG,SW
sample2,CGTGTAACAGGGATTG,TFp
sample2,CGTGTAATCCTCCTAG,SW
sample2,CGTGTCTAGATGCGAC,SW
sample2,CGTTAGACACCCTATC,TFp
sample2,CGTTAGACATGGTCTA,SW
sample2,CGTTAGAGTGTCGCTG,CC
sample2,CGTTAGAGTGTGCGTC,IC
sample2,CGTTAGATCCTTGACC,SHm
sample2,CGTTCTGGTTACGGAG,TFp
sample2,CGTTGGGAGCGTAATA,SW
sample2,CGTTGGGTCTCCCTGA,IC
sample2,CGTTGGGTCTTCCTTC,IC
sample2,CTAACTTAGTGGTAGC,IC
sample2,CTAAGACAGTGGGCTA,SHm
sample2,CTAAGACTCCGAATGT,IC
sample2,CTAATGGTCCAGATCA,TFp
sample2,CTACACCGTCGAATCT,CC
sample2,CTACACCGTTGTGGAG,FSCP
sample2,CTACATTCAAGCCGTC,SW
sample2,CTACCCACATGGGAAC,IC
sample2,CTACGTCTCGCGATCG,IC
sample2,CTACGTCTCGTTTAGG,SW
sample2,CTAGAGTAGAGGTACC,FSCP
sample2,CTAGAGTCACGGATAG,FSCP
sample2,CTAGCCTAGTGGAGAA,SW
sample2,CTAGCCTCATCACAAC,CC
sample2,CTAGCCTGTGAGGCTA,SHa
sample2,CTAGCCTTCGCCAAAT,IC
sample2,CTCACACGTACTCTCC,IC
sample2,CTCATTACACCATCCT,FSCP
sample2,CTCCTAGCATTGGGCC,SW
sample2,CTCCTAGGTGTGCCTG,IC
sample2,CTCCTAGTCTTGAGGT,FSCP
sample2,CTCGAAACAATGAAAC,IC
sample2,CTCGAAACATTTCAGG,TFp
sample2,CTCGAGGCAGTACACT,IC
sample2,CTCGAGGTCGAACTGT,TFp
sample2,CTCGAGGTCGCATGAT,SHm
sample2,CTCGGAGCAAGCCTAT,IC
sample2,CTCGGAGGTCCCTACT,FSCP
sample2,CTCGGAGTCCATGAGT,IC
sample2,CTCGGGACATGAACCT,FSCP
sample2,CTCGGGATCCTATGTT,SW
sample2,CTCGGGATCTCGGACG,IC
sample2,CTCGTACAGTACATGA,IC
sample2,CTCGTACCACGGTAAG,CC
sample2,CTCGTACCAGGATTGG,TFp
sample2,CTCGTACTCAATAAGG,CC
sample2,CTCGTCAAGCTCAACT,SHa
sample2,CTCGTCACAATGAAAC,FSCP
sample2,CTCGTCAGTGCGGTAA,SHa
sample2,CTCGTCATCACCTTAT,FSCP
sample2,CTCTAATTCAATCTCT,CC
sample2,CTCTACGGTAGTGAAT,SHm
sample2,CTCTACGTCCCAACGG,FSCP
sample2,CTCTACGTCCCACTTG,TFa
sample2,CTCTGGTAGACTACAA,IC
sample2,CTGAAACTCTCACATT,SHa
sample2,CTGAAGTAGAGTCGGT,FSCP
sample2,CTGAAGTAGCCACGCT,SHa
sample2,CTGATAGTCGATCCCT,FSCP
sample2,CTGATCCAGTAGTGCG,FSCP
sample2,CTGATCCCACGTAAGG,SW
sample2,CTGCCTATCTGGCGTG,SW
sample2,CTGCGGAGTTGGTTTG,FSCP
sample2,CTGCGGAGTTTGACTG,FSCP
sample2,CTGCGGATCAAACAAG,SHm
sample2,CTGCGGATCCGCAGTG,CC
sample2,CTGCTGTTCCACGAAT,SHa
sample2,CTGGTCTGTTGGAGGT,SW
sample2,CTGTGCTAGACCACGA,CC
sample2,CTGTGCTAGATCGATA,SW
sample2,CTGTGCTGTTATCACG,SW
sample2,CTGTTTAGTTCGCGAC,IC
sample2,CTTAACTGTCTCTTAT,SHa
sample2,CTTACCGCAACGATGG,SW
sample2,CTTACCGGTACAGTTC,SW
sample2,CTTACCGGTCTCCACT,IC
sample2,CTTACCGGTGAAAGAG,FSCP
sample2,CTTACCGGTTAGAACA,IC
sample2,CTTCTCTAGATTACCC,IC
sample2,CTTGGCTCAAATCCGT,CC
sample2,GAAACTCCAAACCTAC,TFa
sample2,GAAACTCGTTCGGCAC,TFp
sample2,GAAATGACATTCACTT,TFp
sample2,GAACATCGTCATGCAT,FSCP
sample2,GAACATCTCTCGGACG,FSCP
sample2,GAACCTACAATCCGAT,TFa
sample2,GAACCTATCGAACTGT,IC
sample2,GAACGGACATATACCG,FSCP
sample2,GAATAAGAGCGACGTA,CC
sample2,GAATAAGGTACCAGTT,CC
sample2,GAATGAAAGAAGATTC,TFp
sample2,GAATGAAGTCCGAAGA,FSCP
sample2,GACACGCCACAGACTT,SW
sample2,GACACGCCATACTACG,IC
sample2,GACACGCTCCAAATGC,SHm
sample2,GACAGAGAGAGCTGCA,CC
sample2,GACAGAGAGCGTTCCG,TFp
sample2,GACCTGGAGGGATCTG,SHm
sample2,GACCTGGTCGTAGGAG,SHm
sample2,GACGCGTCAGACGCTC,SHa
sample2,GACGCGTGTCGTGGCT,FSCP
sample2,GACGGCTTCAAAGACA,SW
sample2,GACGTGCAGTCAAGGC,SW
sample2,GACGTTAAGGGAGTAA,IC
sample2,GACGTTATCGCGCCAA,IC
sample2,GACTACATCGGTGTTA,FSCP
sample2,GACTGCGCAAAGCGGT,SW
sample2,GACTGCGCAAAGGCGT,IC
sample2,GACTGCGGTGACCAAG,IC
sample2,GACTGCGTCTATCCTA,IC
sample2,GAGCAGAAGTGTCTCA,SW
sample2,GAGCAGATCAACCATG,IC
sample2,GAGTCCGTCTTCAACT,CC
sample2,GATCGATAGCGGATCA,IC
sample2,GATCGATCAGCTTCGG,FSCP
sample2,GATCGATTCTCAACTT,IC
sample2,GATCGATTCTGGGCCA,SHm
sample2,GATCGCGCAACTTGAC,TFp
sample2,GATCGCGGTGACTCAT,SW
sample2,GATCGCGGTGCGGTAA,SW
sample2,GATCGCGTCCCTAATT,SHm
sample2,GATCGTAAGAATGTTG,CC
sample2,GATCGTAGTAGCGTAG,FSCP
sample2,GATCGTATCAGAGCTT,FSCP
sample2,GATCTAGCAGCCAGAA,IC
sample2,GATCTAGCAGGACGTA,SHm
sample2,GATCTAGGTCAAACTC,CC
sample2,GATGAAAAGTACATGA,CC
sample2,GATGAAAGTGTTTGTG,TFa
sample2,GATTCAGCAGTAAGAT,FSCP
sample2,GATTCAGGTCCATCCT,CC
sample2,GATTCAGGTTCGTCTC,IC
sample2,GATTCAGGTTGACGTT,SHm
sample2,GCAAACTCAGCTGTTA,SHa
sample2,GCAAACTGTTTGACAC,SW
sample2,GCAATCAAGGTAGCCA,FSCP
sample2,GCAATCAAGTAATCCC,SW
sample2,GCAATCACATGGTCTA,TFa
sample2,GCACTCTTCTCCAGGG,TFa
sample2,GCAGTTACACAGGCCT,SHa
sample2,GCAGTTAGTTATTCTC,CC
sample2,GCAGTTAGTTCCACTC,IC
sample2,GCAGTTATCAATACCG,TFa
sample2,GCATACAGTCTAGAGG,SHa
sample2,GCATACATCGGAGGTA,CC
sample2,GCATGATGTTCAGGCC,SHa
sample2,GCATGCGAGGACCACA,IC
sample2,GCATGCGCAAAGAATC,CC
sample2,GCATGCGCAGCGAACA,SW
sample2,GCATGCGGTGCGATAG,CC
sample2,GCATGTACAATCTACG,SHa
sample2,GCATGTATCGCTTAGA,TFp
sample2,GCCAAATAGGCAGTCA,SHm
sample2,GCCAAATAGTGGGCTA,SHa
sample2,GCCAAATCACCACGTG,FSCP
sample2,GCCAAATCATCCGCGA,CC
sample2,GCCAAATGTCCCTTGT,IC
sample2,GCCAAATGTTACCAGT,FSCP
sample2,GCCTCTACAAACTGTC,IC
sample2,GCCTCTATCTAAGCCA,IC
sample2,GCGACCAAGAGTGACC,IC
sample2,GCGAGAAAGAGAACAG,FSCP
sample2,GCGCAGTAGGCAGTCA,IC
sample2,GCGCAGTGTTACGGAG,FSCP
sample2,GCGCCAAAGATTACCC,SW
sample2,GCGCCAAAGCCATCGC,SHa
sample2,GCGCCAAGTCATGCCG,SHa
sample2,GCGGGTTGTGCCTTGG,CC
sample2,GCGGGTTTCCAGAGGA,TFa
sample2,GCGGGTTTCTTAACCT,IC
sample2,GCTCCTACACACGCTG,SHm
sample2,GCTCCTAGTCAGTGGA,FSCP
sample2,GCTCCTAGTTTGGGCC,TFa
sample2,GCTCCTATCCGTAGGC,FSCP
sample2,GCTCTGTTCATGTAGC,SHa
sample2,GCTGCAGAGCCGTCGT,CC
sample2,GCTGCAGCACAGAGGT,SHa
sample2,GCTGCAGCAGATCGGA,IC
sample2,GCTGCAGGTCATATGC,IC
sample2,GCTGCAGTCCGTTGCT,FSCP
sample2,GCTGCGAAGTACGATA,TFp
sample2,GCTGCGACATATACCG,SW
sample2,GCTGCGACATGGTCTA,TFp
sample2,GCTGCGAGTATCAGTC,IC
sample2,GCTGCTTTCCTCATTA,SW
sample2,GCTGGGTAGTGAAGAG,SHa
sample2,GCTGGGTCACATCTTT,SW
sample2,GCTGGGTCATCGTCGG,IC
sample2,GCTGGGTGTTCCGTCT,FSCP
sample2,GCTTCCACAGCGTCCA,CC
sample2,GCTTGAAAGTGGTCCC,FSCP
sample2,GCTTGAACAATGAAAC,SHa
sample2,GCTTGAATCAATACCG,SHa
sample2,GGAAAGCGTCTGATTG,SHm
sample2,GGAACTTAGCAATCTC,CC
sample2,GGAATAACAGATCTGT,SHa
sample2,GGAATAAGTGCGATAG,IC
sample2,GGAATAATCGCCTGTT,SW
sample2,GGACAAGCATGACGGA,IC
sample2,GGACAAGTCGTTTGCC,SW
sample2,GGACAGAAGTCTCAAC,FSCP
sample2,GGACAGAGTCGCGGTT,TFp
sample2,GGACATTGTTGTCGCG,SHa
sample2,GGACATTTCTAGAGTC,SHa
sample2,GGACGTCAGCTAAACA,CC
sample2,GGCGTGTAGTAGATGT,SHm
sample2,GGCTCGAAGCTGAACG,TFp
sample2,GGCTCGACAGATGGCA,SW
sample2,GGCTCGATCACTCCTG,SW
sample2,GGCTCGATCTGATTCT,IC
sample2,GGGACCTAGTACGTTC,CC
sample2,GGGCACTGTCATCGGC,SW
sample2,GGGCATCAGAGCAATT,SW
sample2,GGGTCTGCAGATCGGA,CC
sample2,GGGTCTGGTCTGCCAG,FSCP
sample2,GGGTTGCTCAGCTTAG,FSCP
sample2,GGTATTGGTACTCTCC,CC
sample2,GGTATTGGTAGCGCTC,SHa
sample2,GGTGAAGGTAACGTTC,FSCP
sample2,GGTGCGTAGAATGTGT,SHm
sample2,GGTGCGTAGGCATGGT,TFa
sample2,GGTGTTAGTAGTGAAT,CC
sample2,GTAACGTAGAGTTGGC,IC
sample2,GTAACGTCATGTCTCC,CC
sample2,GTAACTGTCAAGGCTT,FSCP
sample2,GTAACTGTCCTTTACA,SW
sample2,GTACGTACAATGTTGC,TFp
sample2,GTACGTACATCTGGTA,CC
sample2,GTACGTAGTAGCTTGT,CC
sample2,GTACTCCTCTGTTGAG,TFa
sample2,GTACTTTAGTTCGATC,TFa
sample2,GTAGGCCAGAGGTAGA,CC
sample2,GTAGTCAAGTCCGGTC,IC
sample2,GTAGTCAGTCCAAGTT,SW
sample2,GTAGTCATCAACCAAC,FSCP
sample2,GTATCTTAGCAGCGTA,IC
sample2,GTATCTTGTAAGTAGT,SHm
sample2,GTATCTTTCAGGCAAG,FSCP
sample2,GTCAAGTCAACACCCG,SW
sample2,GTCAAGTTCCCTTGTG,SHa
sample2,GTCACAATCCCATTAT,FSCP
sample2,GTCACAATCTCTTGAT,IC
sample2,GTCACGGCATCCGGGT,IC
sample2,GTCACGGTCGTTTAGG,TFp
sample2,GTCATTTCAACTGGCC,IC
sample2,GTCATTTGTACCCAAT,TFp
sample2,GTCCTCAGTGACGCCT,FSCP
sample2,GTCCTCAGTTACCGAT,IC
sample2,GTCGGGTGTATCTGCA,SW
sample2,GTCGGGTTCCTCCTAG,IC
sample2,GTCTCGTCAATGGACG,CC
sample2,GTCTCGTGTAAGCACG,FSCP
sample2,GTCTCGTGTGTCCTCT,SW
sample2,GTCTTCGGTGACTCAT,IC
sample2,GTCTTCGTCCAAGCCG,TFa
sample2,GTGAAGGGTCGGGTCT,CC
sample2,GTGAAGGGTTCCAACA,FSCP
sample2,GTGAAGGGTTCCCTTG,SW
sample2,GTGCAGCCAAGACGTG,SHa
sample2,GTGCATACACCTCGGA,CC
sample2,GTGCGGTCAAGCTGTT,SHa
sample2,GTGCGGTTCCGATATG,SHa
sample2,GTGCTTCCATTCCTGC,CC
sample2,GTGCTTCTCCGTAGGC,TFa
sample2,GTGCTTCTCCTTCAAT,SW
sample2,GTGGGTCTCCAGATCA,SW
sample2,GTGTGCGAGTACGCGA,CC
sample2,GTGTGCGTCTTTCCTC,IC
sample2,GTGTTAGTCATGGTCA,CC
sample2,GTTAAGCGTAAGGATT,FSCP
sample2,GTTAAGCGTCGACTAT,FSCP
sample2,GTTAAGCTCCTTTCTC,SW
sample2,GTTACAGCAAAGTGCG,SW
sample2,GTTCATTAGTGCGTGA,IC
sample2,GTTCATTCACGCGAAA,SW
sample2,GTTCGGGGTGCTCTTC,SW
sample2,GTTCGGGGTGTAATGA,SW
sample2,TAAACCGGTACCCAAT,SW
sample2,TAAGAGAAGATCACGG,TFp
sample2,TAAGAGAGTTCCAACA,TFp
sample2,TAAGAGATCTAACTGG,SHm
sample2,TAAGAGATCTCTAGGA,IC
sample2,TAAGCGTGTCAGAATA,IC
sample2,TAAGCGTGTGACGCCT,SW
sample2,TAAGTGCAGTCCGGTC,CC
sample2,TAAGTGCTCGGAGGTA,SW
sample2,TACACGATCAGTACGT,FSCP
sample2,TACCTATAGTTCGCAT,SHm
sample2,TACCTATGTATAGGGC,TFp
sample2,TACCTTATCTTGGGTA,CC
sample2,TACGGATAGCCACTAT,IC
sample2,TACGGATAGGCCGAAT,TFp
sample2,TACGGATAGTTAGGTA,SW
sample2,TACGGGCGTACCGTAT,IC
sample2,TACGGTAAGCAAATCA,FSCP
sample2,TACGGTAGTGATAAAC,SW
sample2,TACTCATCAATAGAGT,FSCP
sample2,TACTCATCATCCCACT,CC
sample2,TACTCATCATTGCGGC,FSCP
sample2,TACTCGCAGTAGGCCA,FSCP
sample2,TACTTACAGTGCCAGA,IC
sample2,TACTTACGTCCGTTAA,TFp
sample2,TACTTACTCCTGCCAT,TFa
sample2,TACTTGTAGTCCCACG,SHm
sample2,TACTTGTTCTTGGGTA,IC
sample2,TAGACCAAGACTTTCG,IC
sample2,TAGAGCTCAATGCCAT,FSCP
sample2,TAGAGCTGTACAGCAG,CC
sample2,TAGCCGGAGAGACTAT,TFp
sample2,TAGCCGGCATGCCTTC,SW
sample2,TAGCCGGGTGTAAGTA,IC
sample2,TAGCCGGTCGCCAGCA,SHm
sample2,TAGTGGTGTTGAGGTG,FSCP
sample2,TATCAGGCATTGTGCA,CC
sample2,TATCAGGGTCTACCTC,SHa
sample2,TATCTCAAGCACCGCT,SW
sample2,TATCTCACAGACACTT,SW
sample2,TATGCCCGTATAGGGC,SW
sample2,TATTACCAGATGCCAG,FSCP
sample2,TATTACCTCCAACCAA,TFp
sample2,TATTACCTCCCTTGTG,TFa
sample2,TCAACGAAGGATGGTC,IC
sample2,TCAACGACATACGCTA,TFp
sample2,TCAACGAGTCACCTAA,SW
sample2,TCAACGATCAACACAC,FSCP
sample2,TCAATCTAGCAATCTC,SHm
sample2,TCAATCTGTTTGTGTG,TFp
sample2,TCACAAGAGAAGGGTA,CC
sample2,TCACGAAGTCGCTTTC,IC
sample2,TCACGAATCCGTAGGC,IC
sample2,TCAGATGAGTGTACGG,FSCP
sample2,TCAGATGGTCCGTCAG,SW
sample2,TCAGCAAAGCTCCTTC,SHa
sample2,TCAGCTCCAAACAACA,SHa
sample2,TCAGCTCGTGTTGAGG,IC
sample2,TCAGGATCAAGCGCTC,TFp
sample2,TCAGGTACATTAACCG,SHa
sample2,TCAGGTAGTCACACGC,IC
sample2,TCATTACAGAGTACCG,SHa
sample2,TCATTACTCCAAGCCG,IC
sample2,TCCACACAGGAGCGTT,SHa
sample2,TCCACACGTGGAAAGA,TFp
sample2,TCGCGAGAGAAAGTGG,SHa
sample2,TCGCGAGAGACTAAGT,SW
sample2,TCGCGAGCAACACGCC,SHa
sample2,TCGCGAGTCTATCGCC,IC
sample2,TCGGGACAGCACACAG,SHm
sample2,TCGGGACAGGGTGTGT,SW
sample2,TCGTACCAGCGTCAAG,CC
sample2,TCGTACCCACTAAGTC,TFa
sample2,TCGTACCCACTTACGA,IC
sample2,TCGTACCTCTCGTATT,SHa
sample2,TCGTAGACAAGCGTAG,FSCP
sample2,TCGTAGACACGAGAGT,FSCP
sample2,TCTATTGCACTTCTGC,IC
sample2,TCTCATAAGTATCTCG,FSCP
sample2,TCTCATAGTACCTACA,SHm
sample2,TCTCTAATCGTTTAGG,FSCP
sample2,TCTGAGAAGAATGTGT,SHa
sample2,TCTGGAAAGGTGCACA,SHa
sample2,TCTGGAACATGTCGAT,FSCP
sample2,TCTTCGGAGATCCTGT,CC
sample2,TCTTTCCAGCTGCCCA,CC
sample2,TCTTTCCAGTGTACTC,SW
sample2,TCTTTCCGTATCAGTC,FSCP
sample2,TGAAAGAAGACTGTAA,SHm
sample2,TGACAACGTACGACCC,TFa
sample2,TGACAACTCAACGAAA,IC
sample2,TGACGGCAGAGTAATC,CC
sample2,TGACGGCAGTGCGATG,SW
sample2,TGACTAGCACATGACT,CC
sample2,TGACTTTAGTGGGTTG,IC
sample2,TGACTTTCAGACGCTC,TFp
sample2,TGACTTTGTCTTGATG,FSCP
sample2,TGAGAGGAGGCCCTCA,FSCP
sample2,TGAGAGGCACGGTGTC,SW
sample2,TGAGCATCACGGATAG,CC
sample2,TGAGCATGTCCTCTTG,FSCP
sample2,TGAGCCGGTCGTTGTA,IC
sample2,TGAGCCGGTTGGAGGT,CC
sample2,TGAGCCGTCCCAAGTA,SHm
sample2,TGAGGGAAGCGCTTAT,IC
sample2,TGAGGGAAGGGTGTTG,IC
sample2,TGCACCTCAAGCTGGA,TFp
sample2,TGCACCTTCACAACGT,TFp
sample2,TGCCAAACAGCCAGAA,FSCP
sample2,TGCCAAACATCCAACA,IC
sample2,TGCCAAACATTCGACA,TFa
sample2,TGCCCATAGTGTTGAA,IC
sample2,TGCCCTATCGGTCTAA,FSCP
sample2,TGCGCAGTCCAAGTAC,IC
sample2,TGCGGGTAGCGATAGC,FSCP
sample2,TGCGGGTAGTGTGAAT,FSCP
sample2,TGCGGGTTCCGAATGT,IC
sample2,TGCGGGTTCTAACCGA,SHa
sample2,TGCTACCAGAATGTTG,SW
sample2,TGCTACCAGCGCTTAT,FSCP
sample2,TGCTACCCATATGAGA,CC
sample2,TGCTACCGTAATTGGA,SW
sample2,TGCTACCTCCCTCTTT,SW
sample2,TGGACGCAGATGCGAC,IC
sample2,TGGACGCAGTGGTAAT,SW
sample2,TGGCCAGCAACTGGCC,FSCP
sample2,TGGCCAGGTGTTGAGG,FSCP
sample2,TGGCGCACAGCATGAG,TFa
sample2,TGGCGCACAGCCACCA,TFp
sample2,TGGCGCAGTACCGTAT,SW
sample2,TGGCTGGAGGAGTCTG,FSCP
sample2,TGGCTGGCATACCATG,SW
sample2,TGGCTGGGTTTGGGCC,SHa
sample2,TGGGAAGGTAAGAGAG,IC
sample2,TGGGAAGGTCAATACC,SHm
sample2,TGGGAAGGTGTTTGGT,SW
sample2,TGGGCGTCACGACGAA,FSCP
sample2,TGGTTAGGTCGGCTCA,SHm
sample2,TGGTTAGTCAGAAATG,SW
sample2,TGGTTCCAGTATCGAA,SW
sample2,TGTATTCCACCAGCAC,SW
sample2,TGTCCCATCAATCTCT,SHm
sample2,TGTCCCATCCAATGGT,TFa
sample2,TGTCCCATCCGTCATC,SHm
sample2,TGTGGTACAGTCAGAG,SHm
sample2,TGTGGTATCAGCAACT,FSCP
sample2,TGTGGTATCGGTTAAC,CC
sample2,TGTTCCGGTCGAATCT,SW
sample2,TTAACTCAGTAGTGCG,SHa
sample2,TTAACTCGTCCTAGCG,SW
sample2,TTAACTCTCCAAGCCG,CC
sample2,TTAGGACTCTGTCTCG,CC
sample2,TTAGGCAAGATCCCGC,SHm
sample2,TTAGGCATCTTGAGAC,IC
sample2,TTAGTTCCACTCAGGC,SHm
sample2,TTCCCAGCATTGAGCT,SW
sample2,TTCCCAGGTTACTGAC,SHm
sample2,TTCCCAGTCCGTTGCT,SHm
sample2,TTCGAAGAGGTGCTAG,IC
sample2,TTCGAAGAGTGGCACA,IC
sample2,TTCGAAGCACCTATCC,CC
sample2,TTCGGTCAGAGCTGCA,TFa
sample2,TTCTCAAAGTGAAGAG,SW
sample2,TTCTCCTAGTTTAGGA,CC
sample2,TTCTCCTTCTTGAGGT,SW
sample2,TTCTTAGGTCACAAGG,IC
sample2,TTGAACGCACGCCAGT,SHa
sample2,TTGACTTAGCCCAGCT,SHa
sample2,TTGACTTGTCGCTTTC,CC
sample2,TTGACTTTCTGTACGA,IC
sample2,TTGACTTTCTGTTTGT,CC
sample2,TTGCCGTAGCCACGTC,SW
sample2,TTGCGTCCAGACAAGC,SW
sample2,TTGTAGGCATAAGACA,FSCP
sample2,TTGTAGGGTTGGACCC,TFa
sample2,TTTATGCGTATCACCA,CC
sample2,TTTATGCTCCAGAAGG,FSCP
sample2,TTTATGCTCGTCCAGG,SHm
sample2,TTTCCTCAGACTAGAT,SHa
sample2,TTTGGTTCATCAGTCA,CC
sample2,TTTGTCAAGGACACCA,IC
sample2,TTTGTCAAGGCATGTG,FSCP
sample2,TTTGTCAGTCCGTGAC,SHm
sample2,AAACGGGGTAAAGTCA,GC
sample2,AAACGGGTCAGTACGT,GC
sample2,AACACGTAGGCCCTTG,GC
sample2,AACCGCGAGTCAATAG,GC
sample2,AACGTTGCAGTAAGCG,GC
sample2,AACGTTGGTAGGGTAC,GC
sample2,AAGGAGCCATTCCTGC,GC
sample2,AAGGTTCTCAACGAAA,GC
sample2,AATCCAGGTAGCGCTC,GC
sample2,AATCCAGGTCTCTTAT,GC
sample2,AATCCAGTCTGCTTGC,GC
sample2,ACACCCTCAGTCCTTC,GC
sample2,ACACCGGAGCAATCTC,GC
sample2,ACACCGGCAAGCCGTC,GC
sample2,ACAGCCGCAAGTAGTA,GC
sample2,ACAGCTACAGATCTGT,GC
sample2,ACATCAGGTGCTGTAT,GC
sample2,ACATCAGGTTTGGGCC,GC
sample2,ACCGTAAAGAAGGTTT,GC
sample2,ACCGTAAAGTGACTCT,GC
sample2,ACCGTAACATCACCCT,GC
sample2,ACCGTAATCATCTGTT,GC
sample2,ACGAGCCAGTGCCAGA,GC
sample2,ACGATGTAGTCCCACG,GC
sample2,ACGCCGAAGGGAAACA,GC
sample2,ACGGAGAAGGACGAAA,GC
sample2,ACGGGCTTCATGTGGT,GC
sample2,ACGGGTCTCCATGAAC,GC
sample2,ACTGAGTTCAGCATGT,GC
sample2,ACTGTCCAGCCAGGAT,GC
sample2,ACTGTCCGTCTCTTAT,GC
sample2,ACTTACTAGGCCCGTT,GC
sample2,ACTTGTTGTAGCACGA,GC
sample2,AGACGTTCAAACGTGG,GC
sample2,AGAGCGACAATGTAAG,GC
sample2,AGATTGCAGACTGTAA,GC
sample2,AGATTGCGTGTGAAAT,GC
sample2,AGCGGTCGTCCGTTAA,GC
sample2,AGGCCACCATCTGGTA,GC
sample2,AGGGAGTAGGGATACC,GC
sample2,AGTAGTCCATCTATGG,GC
sample2,AGTAGTCGTCCCGACA,GC
sample2,AGTCTTTAGTGCGATG,GC
sample2,AGTCTTTTCCAGTAGT,GC
sample2,AGTGAGGTCCCGACTT,GC
sample2,AGTGGGATCTACCAGA,GC
sample2,ATAACGCAGTGAACGC,GC
sample2,ATAAGAGAGCTGCAAG,GC
sample2,ATAGACCCACACATGT,GC
sample2,ATCACGACAGGAATGC,GC
sample2,ATCATCTCAATAACGA,GC
sample2,ATCCACCCAAACTGTC,GC
sample2,ATCGAGTGTTGAACTC,GC
sample2,ATCTACTGTTAAGAAC,GC
sample2,ATGAGGGCACATGACT,GC
sample2,ATGCGATGTCTTGATG,GC
sample2,ATGTGTGAGCTAACAA,GC
sample2,ATTCTACAGATGGGTC,GC
sample2,ATTGGACCAATAGCGG,GC
sample2,CAACCTCAGGTAGCCA,GC
sample2,CAACCTCGTTCGCTAA,GC
sample2,CAACTAGAGAGGGATA,GC
sample2,CAAGAAATCTCCTATA,GC
sample2,CACCAGGTCACTTATC,GC
sample2,CACCTTGAGGCATGGT,GC
sample2,CACTCCAAGTAGCGGT,GC
sample2,CAGAGAGGTTTGGGCC,GC
sample2,CAGAGAGTCTACTCAT,GC
sample2,CAGCTAACACATCTTT,GC
sample2,CAGCTGGAGGATATAC,GC
sample2,CAGCTGGGTGAAAGAG,GC
sample2,CATCAAGTCTCGTATT,GC
sample2,CATCAGAGTCATCCCT,GC
sample2,CATCCACAGGTGTTAA,GC
sample2,CATCGGGAGATAGGAG,GC
sample2,CATGACAAGATATGCA,GC
sample2,CATGGCGGTTAGGGTG,GC
sample2,CATTCGCCACATAACC,GC
sample2,CCAATCCGTTCCCGAG,GC
sample2,CCACCTACAGGAATCG,GC
sample2,CCACTACTCTGGGCCA,GC
sample2,CCCAATCCAAGGTTTC,GC
sample2,CCCATACTCGCACTCT,GC
sample2,CCCTCCTCAGCGATCC,GC
sample2,CCCTCCTGTCTAGCCG,GC
sample2,CCTAAAGCAATCTGCA,GC
sample2,CCTAAAGTCCAGATCA,GC
sample2,CCTACACCAGGAACGT,GC
sample2,CCTATTACAGCTGGCT,GC
sample2,CCTATTATCTTCGGTC,GC
sample2,CCTTACGAGAGGTTGC,GC
sample2,CGACCTTGTGCACTTA,GC
sample2,CGACCTTGTTTGTTGG,GC
sample2,CGAGAAGAGGCTACGA,GC
sample2,CGAGCACAGTGTACTC,GC
sample2,CGATGGCGTACCATCA,GC
sample2,CGATGTAAGCACAGGT,GC
sample2,CGCCAAGAGACAGACC,GC
sample2,CGCGGTACAATGGAAT,GC
sample2,CGCGTTTGTAAGAGAG,GC
sample2,CGCTTCACACCCTATC,GC
sample2,CGGACACAGTTGAGAT,GC
sample2,CGGACGTCACCCATTC,GC
sample2,CGGGTCAAGCGTGAAC,GC
sample2,CGGGTCAAGTGCCAGA,GC
sample2,CGGGTCAGTAAATGAC,GC
sample2,CGTCAGGGTCACACGC,GC
sample2,CGTCAGGTCGTCCAGG,GC
sample2,CGTCCATTCTGCAGTA,GC
sample2,CGTTGGGCACTTACGA,GC
sample2,CTAAGACAGTGCCATT,GC
sample2,CTACATTTCAATAAGG,GC
sample2,CTCACACAGTCATCCA,GC
sample2,CTCATTATCTCGTATT,GC
sample2,CTCCTAGTCATGGTCA,GC
sample2,CTCTGGTTCAGCTTAG,GC
sample2,CTGAAACCACCTCGTT,GC
sample2,CTGCCTAGTTGAGGTG,GC
sample2,CTGCGGACACGTCTCT,GC
sample2,CTTAGGAAGTTCGATC,GC
sample2,CTTAGGATCCTGCTTG,GC
sample2,CTTTGCGAGCGAAGGG,GC
sample2,CTTTGCGGTGTGCGTC,GC
sample2,GAAACTCGTTAAAGTG,GC
sample2,GAACGGAGTGGTTTCA,GC
sample2,GAATAAGCAGTTAACC,GC
sample2,GAATGAACACAACTGT,GC
sample2,GACACGCAGACCTTTG,GC
sample2,GACACGCTCGGAAATA,GC
sample2,GACCAATAGCCACGTC,GC
sample2,GACCAATCATGCCACG,GC
sample2,GACGTGCTCGCTGATA,GC
sample2,GACGTTAAGTAACCCT,GC
sample2,GACTAACCACATCCAA,GC
sample2,GACTGCGCATCGGAAG,GC
sample2,GACTGCGGTGTGGCTC,GC
sample2,GAGCAGAGTCTTGCGG,GC
sample2,GATCGCGGTCGGCTCA,GC
sample2,GATCGCGGTTGATTCG,GC
sample2,GATCGTACATGGAATA,GC
sample2,GATGAGGAGTACGCCC,GC
sample2,GCACTCTCAAAGAATC,GC
sample2,GCATGATAGGTGCTTT,GC
sample2,GCATGTAAGCCACGCT,GC
sample2,GCCAAATTCGTGTAGT,GC
sample2,GCGACCAGTACTCAAC,GC
sample2,GCGCAACAGTTAACGA,GC
sample2,GCGCAGTTCCTGCCAT,GC
sample2,GCGCCAACACAAGTAA,GC
sample2,GCGGGTTTCTTTCCTC,GC
sample2,GCTGCAGCACAGCGTC,GC
sample2,GCTGCAGCACCAGATT,GC
sample2,GCTGCGAGTCGATTGT,GC
sample2,GCTTCCAAGTCTCGGC,GC
sample2,GGACAGATCTTAGCCC,GC
sample2,GGATGTTAGATGTGTA,GC
sample2,GGATGTTTCTTAGCCC,GC
sample2,GGATTACTCTGCGACG,GC
sample2,GGCAATTAGAAACCGC,GC
sample2,GGCGACTGTTATCGGT,GC
sample2,GGGATGACAGTCGATT,GC
sample2,GGTGAAGAGTGGGATC,GC
sample2,GGTGAAGGTGTTCGAT,GC
sample2,GGTGCGTCAATCAGAA,GC
sample2,GGTGCGTTCAATACCG,GC
sample2,GGTGTTAAGGTGCAAC,GC
sample2,GGTGTTAGTACCGCTG,GC
sample2,GGTGTTAGTGAAAGAG,GC
sample2,GTAACGTTCTTAGAGC,GC
sample2,GTACTCCTCGCCTGAG,GC
sample2,GTAGGCCAGGTCATCT,GC
sample2,GTATCTTCACTGTTAG,GC
sample2,GTATTCTAGTATTGGA,GC
sample2,GTCATTTAGATATACG,GC
sample2,GTCATTTTCAACGGGA,GC
sample2,GTCGGGTAGAAGGTGA,GC
sample2,GTCGTAATCCCACTTG,GC
sample2,GTGAAGGGTACAGACG,GC
sample2,GTGAAGGGTAGGACAC,GC
sample2,GTGCAGCTCCACGCAG,GC
sample2,GTTAAGCTCCTTCAAT,GC
sample2,TAAGCGTCAACTTGAC,GC
sample2,TAAGCGTGTCTGATTG,GC
sample2,TAAGTGCGTTGTGGCC,GC
sample2,TACACGATCCCTTGTG,GC
sample2,TACAGTGTCCGATATG,GC
sample2,TACGGTATCCGCTGTT,GC
sample2,TACTCATGTTCAGGCC,GC
sample2,TAGACCAGTTCCTCCA,GC
sample2,TAGAGCTAGATCCGAG,GC
sample2,TATCTCAAGTCACGCC,GC
sample2,TATTACCCAAAGCGGT,GC
sample2,TCAACGAAGCTGTCTA,GC
sample2,TCAGATGCAAGCCATT,GC
sample2,TCCCGATCAGGCGATA,GC
sample2,TCGCGTTGTCAAGCGA,GC
sample2,TCGGGACCACGAAACG,GC
sample2,TCGGGACTCTTCTGGC,GC
sample2,TCTGAGATCAAACCAC,GC
sample2,TCTGAGATCGGATGGA,GC
sample2,TCTTTCCGTTCACGGC,GC
sample2,TGACGGCAGCTGATAA,GC
sample2,TGACGGCGTTTGTTGG,GC
sample2,TGACTTTAGTGTGAAT,GC
sample2,TGAGCATAGTTGAGAT,GC
sample2,TGAGCATTCCGTAGTA,GC
sample2,TGAGCATTCGGATGTT,GC
sample2,TGAGCCGGTGTTTGGT,GC
sample2,TGAGCCGTCGGTTAAC,GC
sample2,TGAGGGACAAGAAAGG,GC
sample2,TGCCAAAAGGACATTA,GC
sample2,TGCCCTACAACGATGG,GC
sample2,TGCCCTAGTAGCGTCC,GC
sample2,TGCGGGTAGAGCTGGT,GC
sample2,TGCGTGGTCTGGCGAC,GC
sample2,TGCTGCTAGCATGGCA,GC
sample2,TGGCCAGAGGGCTCTC,GC
sample2,TGGCCAGTCGATAGAA,GC
sample2,TGGGAAGTCACGCGGT,GC
sample2,TGGGCGTAGACTTTCG,GC
sample2,TGTGGTAGTAAGAGAG,GC
sample2,TGTGGTATCCGTTGTC,GC
sample2,TTAACTCGTTACCGAT,GC
sample2,TTAGTTCCAAGAGTCG,GC
sample2,TTCTACACACACATGT,GC
sample2,TTGACTTGTATTAGCC,GC
sample2,TTGACTTTCAACCATG,GC
sample2,TTGGAACAGCCGATTT,GC
sample2,TTGGAACCATGGTCTA,GC
sample2,TTGGCAATCTGAGGGA,GC
sample2,TTTATGCCATCCGTGG,GC
sample2,TTTGGTTTCTGCCCTA,GC